ASN, Name
1421, "WANSECURITY - WANSecurity, Inc., US"
1442, "ASNSISL - SureHosting Internet Solutions, Inc., US"
3223, "VOXILITY, GB"
3257, "GTT-BACKBONE GTT, DE"
3561, "CENTURYLINK-LEGACY-SAVVIS - CenturyLink Communications, LLC, US"
3722, "NETACTUATE - NetActuate, Inc, US"
3842, "RAMNODE - RamNode LLC, US"
4250, "ALENT-ASN-1 - Alentus Corporation, US"
4323, "TWTC - tw telecom holdings, inc., US"
4694, "IDCF IDC Frontier Inc., JP"
4851, "HOSTNETWORKS-AS-AU-AP Host Networks, AU"
5483, "MAGYAR-TELEKOM-MAIN-AS Magyar Telekom Nyrt., HU"
5577, "ROOT, LU"
6188, "VPSDATACENTER - VPS Datacenter, LLC, US"
6718, "NAV NAV Communications, RO"
6724, "STRATO STRATO AG, DE"
6870, "SPACE-IX, RU"
6939, "HURRICANE - Hurricane Electric LLC, US"
7203, "LEASEWEB-USA-SFO-12 - Leaseweb USA, Inc., US"
7349, "AS-TIERP-7349 - TierPoint, LLC, US"
7489, "HOSTUS-GLOBAL-AS HostUS, HK"
7506, "INTERQ GMO Internet,Inc, JP"
7595, "READYSPACE-SG Readyspace Cloud Services, SG"
7598, "FORCEPOINT-CLOUD-APAC-AS Forcepoint Cloud Services - AsiaPac region, AU"
7726, "FITC-AS - FedEx Internet Technologies Corporation, US"
7770, "TRITON - Triton Technologies, Inc., US"
7850, "CITYLINKFIBER - iHighway.net, Inc., US"
7979, "SERVERS - Servers.com, Inc., US"
8075, "MICROSOFT-CORP-MSN-AS-BLOCK - Microsoft Corporation, US"
8100, "ASN-QUADRANET-GLOBAL - QuadraNet Enterprises LLC, US"
8280, "SYNAPSECOM-AS AS NUMBER OF SYNAPSECOM, GR"
8285, "VERSIA, LV"
8315, "SENTIA, NL"
8455, "ATOM86-AS ATOM86, NL"
8477, "ECHOSTARPL-AS ZTS Echostar Studio Poznan Poland, PL"
8556, "LEVANTIS, CH"
8560, "ONEANDONE-AS Brauerstrasse 48, DE"
8928, "INTEROUTE 25 Canada Square, Canary Wharf, 31st Floor, GB"
8972, "GD-EMEA-DC-SXB1, DE"
9009, "M247, GB"
9166, "CEGEKA-HASSELT, BE"
9290, "GOHOSTING-AS-AP GoHosting, AU"
9370, "SAKURA-B SAKURA Internet Inc., JP"
9412, "HCDS-AS-AP 5G NETWORK OPERATIONS PTY LTD, AU"
9667, "HOSTWORKS-AS-AP 5G NETWORK OPERATIONS PTY LTD, AU"
9823, "NCS-PEARSON-AS-AP Education Web Hosting, AU"
9925, "HKTHOST-AP Powerbase DataCenter Services (HK) Ltd., HK"
10200, "NETSMART-AP Web hosting provider and ISP connectivity., NZ"
10207, "INTERVOLVE-ADELAIDE-AS-AP Intervolve Pty Ltd, AU"
10297, "ENET-2 - eNET Inc., US"
10439, "CARINET - CariNet, Inc., US"
10464, "TEAMTECH - Team Technologies, LLC, US"
10532, "RACKSPACE - Rackspace Hosting, US"
10929, "NETELLIGENT - eStruxture Data Centers Inc., CA"
11230, "MHSFL - Managed Hosting Services, LLC, US"
11235, "ITRONHOSTINGAS - Itron-Hosting, US"
11274, "ADHOST - TierPoint, LLC, US"
11588, "HIGHWINDS - Highwinds Network Group, Inc., US"
11831, "ESECUREDATA - eSecureData, CA"
11878, "TZULO - tzulo, inc., US"
12129, "123NET - 123.Net, Inc., US"
12182, "INTERNAP-2BLK - Internap Corporation, US"
12586, "ASGHOSTNET, DE"
12617, "SOLIDO-NET Sentia Danmark A/S, DK"
12876, "Online SAS, FR"
12989, "HWNG, NL"
13209, "ATOM-HOSTING, RO"
13213, "UK2NET-AS, GB"
13335, "CLOUDFLARENET - Cloudflare, Inc., US"
13414, "TWITTER - Twitter Inc., US"
13647, "NETACTUATE - NetActuate, Inc, US"
13739, "DATACENTER-IP - Datacenter IP, LLC, US"
13884, "ASN-THEPLANET - SoftLayer Technologies Inc., US"
13886, "CLOUD-SOUTH - Cloud South, US"
13909, "TECHIEMEDIA - Techie Hosting, Inc., US"
13926, "RBLHST-NY - Strong Technology, LLC., US"
13955, "ECHO-UPLINKDATA-COM - Echostar Broadcasting Corporation, US"
14061, "DIGITALOCEAN-ASN - DigitalOcean, LLC, US"
14120, "ITHS-NY4-BLK-001 - oneZero Financial Systems, LLC, US"
14127, "ILAND - Iland Internet Solutions Corporation, US"
14160, "PREMIUMTELECOM - Premium Hosting, Inc., US"
14244, "NSIHOSTING-EQX-VA - NSI Hosting, US"
14384, "HOSTDESIGNS - HOST DESIGNS, LLC, US"
14415, "HOSTCOLLECTIVE - Host Collective, Inc., US"
14442, "MEDIA-HOSTS - Media-Hosts Inc., CA"
14567, "SPRINGS - Springs Hosting, US"
14576, "HOSTING-SOLUTIONS - Hosting Solution Ltd., US"
14618, "AMAZON-AES - Amazon.com, Inc., US"
14708, "WebHost Chile S.A., CL"
14986, "ULTRAHOST - Ultra Hosting, US"
14987, "RETHEMHOSTING - Rethem Hosting LLC, US"
14992, "CRYSTALTECH - Newtek Technology Solutions, Inc, US"
15003, "NOBIS-TECH - Nobis Technology Group, LLC, US"
15083, "INFOLINK-MIA-US - Infolink Global Corporation, US"
15169, "GOOGLE - Google LLC, US"
15189, "VIMRO-AS15189 - VIMRO, LLC, US"
15395, "RACKSPACE-LON, GB"
15497, "COLOCALL Internet Data Center &quot;ColoCALL&quot;, UA"
15510, "CWCS-PS CompuWeb Communications Services Ltd, GB"
15533, "SASEUROPE, GB"
15626, "ITLAS, UA"
15734, "IDH Equinix Connect - Iberia, ES"
15919, "INTERHOST, ES"
16125, "CHERRYSERVERS1-AS, LT"
16262, "DATACHEAP-LLC-AS, RU"
16265, "LEASEWEB-NETWORK LeaseWeb Network B.V., NL"
16273, "F-SECURE-AS, FI"
16276, "OVH, FR"
16284, "UNSPECIFIED, NG"
16397, "EQUINIX BRASIL SP, BR"
16509, "AMAZON-02 - Amazon.com, Inc., US"
16535, "ECHOS-3 - Echostar Purchasing Corporation, US"
16628, "DEDICATED-FIBER-COMMUNICATIONS - DedFiberCo, US"
16862, "-Reserved AS-, ZZ"
16973, "T-Four Services S.A, CR"
17019, "JCHOST-NET - JCHost Internet Services, LLC, US"
17216, "DC74-AS - DC74 LLC, US"
17439, "NETMAGIC-AP Netmagic Datacenter Mumbai, IN"
17669, "AC3-AS-AP ac3, Australian Centre for Advanced Computing and Communications, AU"
17881, "INETHOSTING-AS-KR Inet Hosting, Inc., KR"
17918, "AC3-AS-AP ac3, Australian Centre for Advanced Computing and Communications, AU"
17920, "ULTRASERVE-SYD1-AS-AP Ultra Serve Internet Pty Ltd - Transit AS - Hosting Provider, AU"
17971, "TMVADS-AP TM-VADS DC Hosting, MY"
18120, "GEMINI-AS-IN Gemini Software Solutions (P) Ltd. Hosting Services, India, IN"
18450, "WEBNX - WebNX, Inc., US"
18501, "CODERO-DFW - Codero, US"
18530, "ISOMEDIA-1 - Isomedia, Inc., US"
18570, "ECHOSTAR-BROADCASTING-CORPORATION - EchoStar Broadcasting Corperation, US"
18779, "EGIHOSTING - EGIHosting, US"
18978, "ENZUINC-US - Enzu Inc, US"
19084, "COLOUP - ColoUp, US"
19133, "BIRD-HOSTING - Bird Hosting Inc., US"
19234, "CANADAWEBHOSTING-AS - Canada Web Hosting, CA"
19318, "IS-AS-1 - Interserver, Inc, US"
19383, "WEBEL-1 - Web Elite LLC, US"
19437, "SS-ASH - SECURED SERVERS LLC, US"
19531, "NODESDIRECT - Nodes Direct, US"
19624, "SERVERROOM - Data Room, Inc, US"
19844, "GORACK - GoRack LLC, US"
19871, "NETWORK-SOLUTIONS-HOSTING - Network Solutions, LLC, US"
19969, "JOESDATACENTER - Joe's Datacenter, LLC, US"
20021, "LNH-INC - HostMySite, US"
20068, "HAWKHOST - Hawk Host Inc., CA"
20093, "ZEROLAG - Total Server Solutions L.L.C., US"
20150, "AS20150 - anyNode, US"
20248, "TAKE2 - Take 2 Hosting, Inc., US"
20264, "WEBAIR-INTERNET-2 - Webair Internet Development Company Inc., US"
20360, "OPPOBOX - OppoBox LLC, US"
20401, "HOSTWAY-1 - Hostway Corporation, US"
20448, "VPNTRANET-LLC - VPNtranet, LLC., US"
20450, "THL16-ASN - Trojan Hosting, LLC., US"
20454, "SSASN2 - SECURED SERVERS LLC, US"
20473, "AS-CHOOPA - Choopa, LLC, US"
20598, "CYBERSPACE-AS Autonomous System number for Cyber Space, IL"
20692, "NETGATE-AS Germany, DE"
20738, "GD-EMEA-DC-LD5, GB"
20773, "GODADDY, DE"
20836, "CDLAN-AS Milano, IT"
20860, "IOMART-AS, GB"
21100, "ITLDC-NL, UA"
21159, "NOVOSERVE-GMBH-AS Frankfurt, Germany, NL"
21217, "SAFEHOSTNET Colocation center in Geneva, CH"
21321, "ARETI-AS, GB"
21844, "ALDERAN-ASN - SoftLayer Technologies Inc., US"
21859, "ZNET - Zenlayer Inc, US"
22152, "OCHS - Vertex Telecom, Inc., US"
22302, "INOC - INOC, LLC, US"
22363, "PHMGMT-AS1 - Powerhouse Management, Inc., US"
22552, "ESITED - eSited Solutions, US"
22611, "IMH-WEST - InMotion Hosting, Inc., US"
22616, "ZSCALER-SJC1 - ZSCALER, INC., US"
22676, "TELENTIA - Telentia, US"
22720, "RACKSPACE-AUS - Rackspace Hosting, US"
22781, "RBLHST - Strong Technology, LLC., US"
22903, "EDGE-HOSTING - Databank Holdings, Ltd, US"
23033, "WOW - Wowrack.com, US"
23052, "IHOST-SOLUTIONS-1 - PleskLogin Net, US"
23108, "QUANTACT - Quantact Hosting Solutions, Inc., US"
23273, "SBWH - Santa Barbara Web Hosting, Inc., US"
23342, "UNITEDLAYER - Unitedlayer, Inc., US"
23352, "SERVERCENTRAL - Server Central Network, US"
23535, "HOSTROCKET - HostRocket.com, Inc., US"
23881, "UDOMAIN-AS-AP UDomain Web Hosting Company Ltd, HK"
24220, "HOSTCENTRAL-AS-AP Hostcentral, AU"
24381, "FASTHIT-AS-AP Web Hosting and Colocation Services, AU"
24482, "SGGS-AS-AP SG.GS, SG"
24549, "LAYER-AS-AP Layerstack Limited, HK"
24558, "AVBIHNET-AS-IN Internet Hosting Service Provider to the Aditya, IN"
24611, "DCLUX-AS 4, rue Graham Bell, LU"
24679, "SSERV-AS, DE"
24725, "ASN-HM UA ccTLD Manager, UA"
24768, "ALMOUROLTEC, PT"
24851, "UK-NETCETERA Netcetera Autonomous System Peers, GB"
24875, "NOVOSERVE-AS, NL"
24931, "DEDIPOWER, GB"
24940, "HETZNER-AS, DE"
24958, "TBSH, GB"
24961, "MYLOC-AS, DE"
24971, "MASTER-AS Czech Republic / www.master.cz, CZ"
24997, "GE-CDN-AS, GE"
25048, "DSNET, GB"
25128, "HOSTWAY-TH-AS, DE"
25163, "NG-NIGERIA-AS, NG"
25260, "QUALITYHOSTING-AS D-63571 Gelnhausen, DE"
25369, "BANDWIDTH-AS, GB"
25379, "PEKITEL-AS, RU"
25504, "CRONON-AS Obermuensterstr. 9, DE"
25532, "MASTERHOST-AS Moscow, Russia, RU"
25605, "SCANSAFE - SCANSAFE SERVICES LLC, US"
25642, "SPIDERHOST - Spiderhost Inc, US"
25697, "UPCLOUDUSA - UpCloud USA Inc, US"
25780, "HUGESERVER-NETWORKS - HugeServer Networks, LLC, US"
25820, "IT7NET - IT7 Networks Inc, CA"
25926, "HOSTUS-SOLUTIONS-LLC - Host, US"
26277, "PREMIANET - Las Vegas NV Datacenter, US"
26481, "REBEL-HOSTING - Rebel Hosting, US"
26484, "IKGUL-26484 - Internet Keeper Global, US"
26769, "BANDCON - Bandcon, US"
26978, "CARPATHIA-PHX - Carpathia Hosting, LLC, US"
27175, "ATNETHOST-AS02 - AtNetHost LLC, US"
27223, "LOATHING - Bare Metal Hosting, US"
27229, "WEBHOST-ASN1 - Webhosting.Net, Inc., US"
27257, "WEBAIR-INTERNET - Webair Internet Development Company Inc., US"
27357, "RACKSPACE - Rackspace Hosting, US"
27411, "LEASEWEB-USA-CHI-11 - Leaseweb USA, Inc., US"
27471, "SYMN - Symantec Corporation, US"
27589, "MOJOHOST - MOJOHOST, US"
27597, "SITESERVER-IDC1 - Siteserver, Inc., US"
27640, "GIGASNET-AS - GIGAS HOSTING USA, LLC, US"
28099, "iHosting Servicios Internet Ltda., CL"
28216, "Host One Servicos de Internet Ltda, BR"
28333, "Local Datacenter Soluções em Comunicação Ltda., BR"
28666, "HOSTLOCATION LTDA, BR"
28747, "EASYHOST-COLO-AS, BE"
28753, "LEASEWEB-DE-FRA-10, DE"
28855, "OCTOPUCE-AS, FR"
28920, "CALL27-AS, GB"
28997, "NEDCOMP-AS, NL"
29066, "VELIANET-AS velia.net Internetdienste GmbH, DE"
29067, "UATLD-AS UA ccTLD Manager, UA"
29073, "-Reserved AS-, ZZ"
29097, "HOSTPOINT-AS, CH"
29119, "SERVIHOSTING-AS AireNetworks, ES"
29140, "HOSTSERVER-AS Hostserver GmbH, DE"
29182, "THEFIRST-AS, RU"
29222, "INFOMANIAK-AS, CH"
29302, "HSI-EUROPE, GB"
29311, "SOLVINITY-, NL"
29331, "FDC-NETWORK, DK"
29354, "PCE-NET-ASN, DE"
29452, "SECURA-AS http://www.securahosting.com, GB"
29465, "VCG-AS, NG"
29550, "SIMPLYTRANSIT, GB"
29691, "NINE, CH"
29713, "ELIA-60 - Reliable Hosting Services, US"
29748, "CARPATHIA-HOSTING - Carpathia Hosting, LLC, US"
29802, "HVC-AS - HIVELOCITY, Inc., US"
29838, "AMC - Atlantic Metro Communications II, Inc., US"
29854, "WESTHOST - WestHost, Inc., US"
29869, "DOTBLOCK-3 - HostRocket.com, Inc., US"
29883, "AS-IHS - Internet Hosting Servers, CA"
30083, "HEG-US - HEG US Inc., US"
30152, "BEYOND-HOSTING - Beyond Hosting, LLC, US"
30176, "AS-PRIORITYCOLO - Priority Colo Inc, CA"
30235, "TWINSERVERS - Twinservers Hosting Solutions Inc., US"
30315, "ASN-THEPLANET-3 - SoftLayer Technologies Inc., US"
30475, "WEHOSTWEBSITES-COM - Handy Networks, LLC, US"
30496, "AS-TIERP-30496 - TierPoint, LLC, US"
30633, "LEASEWEB-USA-WDC-01 - Leaseweb USA, Inc., US"
30693, "ASBLOCK-30693 - Eonix Corporation, US"
30849, "HOST-AS, UA"
30878, "LEASEWEB-, DE"
30900, "WEBWORLD-AS t/a Web World Ireland, IE"
30998, "NAL-AS, NG"
31034, "ARUBA-ASN, IT"
31103, "KEYWEB-AS, DE"
31240, "HT-SYSTEMS-AS Uplinks:, RU"
31400, "ACCELERATED-IT, DE"
31472, "VOICEHOST, GB"
31590, "RACKHOSTING-AS, DK"
31659, "BELOW-ZERO, GB"
31698, "WEBHOST-AS, IE"
31863, "DACEN-2 - Centrilogic, Inc., US"
31981, "BLUETOWERHOSTING-ASN - BlueTower Hosting LLC, US"
32097, "WII - WholeSale Internet, Inc., US"
32181, "ASN-GIGENET - GigeNET, US"
32244, "LIQUIDWEB - Liquid Web, L.L.C, US"
32275, "UWH - Unified Webhosting, Inc., US"
32306, "HOSTNIT226 - Host NIT Inc, ZZ"
32338, "HOSTISERVER - Hostiserver Ltd, AI"
32400, "HWSERVICES-32400 - Hostway Services, Inc., US"
32475, "SINGLEHOP-LLC - SingleHop LLC, US"
32489, "AMANAHA-NEW - Amanah Tech Inc., CA"
32613, "IWEB-AS - iWeb Technologies Inc., CA"
32647, "CRUCIALWEBHOST - Crucial Web Hosting, Ltd., US"
32740, "SLIQUA - Sliqua Enterprise Hosting, Inc., US"
32780, "HOSTINGSERVICES-INC - Hosting Services, Inc., US"
32911, "DEDIPOWERUSA - DediPower Managed Hosting, US"
32921, "ZSCALER-NEWYORK - ZSCALER, INC., US"
33070, "RMH-14 - Rackspace Hosting, US"
33083, "AXCELX-NET - AxcelX Technologies LLC, US"
33182, "DIMENOC - HostDime.com, Inc., US"
33251, "AS-TIERP-33251 - TierPoint, LLC, US"
33260, "HOSTASAURUS - Miva Merchant, Inc., US"
33302, "ONS-COS - Data 102, LLC, US"
33322, "NDCHOST - Network Data Center Host, Inc., US"
33330, "CLOUDRADIUM-ASN - CloudRadium L.L.C, US"
33387, "NOCIX - DataShack, LC, US"
33438, "HIGHWINDS2 - Highwinds Network Group, Inc., US"
33480, "WEBWERKSAS1 - Web Werks, US"
33552, "FLUIDHOSTING - Fluid Hosting LLC, US"
33569, "ALLHOSTSHOP - ALLHOSTSHOP.COM, US"
33724, "BIZNESSHOSTING-DBA-VOLICO - VOLICO, US"
33785, "CITYNET, EG"
33891, "CORE-BACKBONE CORE-BACKBONE GMBH GLOBAL NETWORK, DE"
34305, "BASEIP, NL"
34432, "PHH-AS, DE"
34541, "ONLINESOLUTIONS-AS, FI"
34649, "HOST365, GB"
34745, "TELEWARE, GB"
34971, "PDDA-AS, IT"
34989, "SERVETHEWORLD-AS, NO"
35017, "SWIFTWAY-AS Netherlands, GB"
35278, "SPRINTHOST, RU"
35295, "PETERHOST-PITER, RU"
35366, "ISPPRO-AS ISPPRO-AS covers the networks of ISPpro, DE"
35415, "WEBZILLA, NL"
35467, "DDF-AS, NL"
35470, "XL-AS, NL"
35662, "REDSTATION European Network, GB"
35908, "VPLSNET - Krypt Technologies, US"
35914, "ARMOR-DEFENSE - Armor Defense Inc, US"
35916, "MULTA-ASN1 - MULTACOM CORPORATION, US"
35974, "CARPATHIA-YYZ - Carpathia Hosting, LLC, US"
36024, "AS-TIERP-36024 - TierPoint, LLC, US"
36114, "VERSAWEB-ASN - Versaweb, LLC, US"
36236, "NETACTUATE - NetActuate, Inc, US"
36290, "THECABLE-STKITTS-01 - The Cable of St. Kitts, KN"
36351, "SOFTLAYER - SoftLayer Technologies Inc., US"
36352, "AS-COLOCROSSING - ColoCrossing, US"
36408, "CDNETWORKSUS-02 - CDNetworks Inc., US"
36444, "NEXCESS-NET - NEXCESS.NET L.L.C., US"
36536, "ENTERHOST-AS - Enterhost, US"
36666, "GTCOMM - GloboTech Communications, CA"
36791, "PDXHOSTING-01 - Portland Internet Hosting LLC, US"
36873, "VNL1-AS, NG"
36887, "DOPC-AS, NG"
36920, "KKON, NG"
36970, "interswitch, NG"
37018, "GALAXYBB-AS, NG"
37088, "VDT-AS, NG"
37153, "xneelo, ZA"
37170, "UNILAG, NG"
37209, "HYPERIA, NG"
37230, "SWIFTTALK, NG"
37248, "PHASE3TEL, NG"
37269, "ICSL, NG"
37280, "BCL, NG"
37308, "COOLLINK, NG"
37347, "NGCOM, NG"
37377, "Futurecom, NG"
37472, "NIGCOMSAT, NG"
37506, "Zinox, NG"
37521, "Internet-Solutions-, NG"
37540, "WINROCK-, NG"
37643, "-Reserved AS-, ZZ"
37661, "NRaE1-AS, NG"
37692, "NetStack-AS, ZA"
37714, "BITFLUX, NG"
38001, "NEWMEDIAEXPRESS-AS-AP NewMedia Express Pte Ltd, SG"
38107, "CDNETWORKS-AS-KR CDNetworks, KR"
38279, "IOMNET-AS-AP IOMNET-AS ISP/Hosting service Provider Manila, PH"
38894, "MANAGENET-AS-AU-AP manageNET Pty Ltd hosting services, AU"
39020, "COMVIVE-AS Seville - Spain, ES"
39324, "MEDIAM-AS, FI"
39326, "HSO-GROUP, GB"
39347, "SELL-AS, RO"
39351, "ESAB-AS, SE"
39392, "SUPERNETWORK \(^_^)/, CZ"
39451, "MELBOURNE-AS, GB"
39458, "REALHOSTS-AS, GB"
39572, "ADVANCEDHOSTERS-AS, NL"
39704, "CJ2-AS, NL"
39756, "ROHOSTWAY-AS, RO"
39839, "DK-HOSTMASTER The .DK TLD Registry, DK"
40156, "THEOPT-HOU - The Optimal Link Corporation, US"
40244, "TURNKEY-INTERNET - Turnkey Internet Inc., US"
40281, "QWKNET - QWK.net Hosting, L.L.C., US"
40374, "HIDHO - High Density Hosting, Inc., US"
40384, "ZSCALER-DALLAS - ZSCALER, INC., US"
40438, "CANHOST-INC - Canhost Inc., CA"
40539, "PROHCI - Hosting Consulting, Inc, US"
40676, "AS40676 - Psychz Networks, US"
40715, "DATACENTER-BZ - DataCenter.BZ, LLC, US"
40728, "GEARHOST - GearHost, Inc., US"
40819, "VPSDATACENTER - VPS Datacenter, LLC, US"
40824, "WZCOM-US - WZ Communications Inc., US"
40861, "PARAD-40-ASN - Paradise Networks LLC, US"
40866, "MYSERVER-DOT-ORG - San Diego Broadband, US"
41062, "PRO100-NET-AS, UA"
41079, "SUPERHOST-PL-AS, PL"
41369, "DATACENTER-AS, FI"
41427, "MARC-NET_AS, SI"
41562, "HOST4ALL-AS Montreux, Switzerland, CH"
41653, "AQUARAY, FR"
41665, "HOSTING-AS http://hosting.ua, UA"
41722, "MIRAN-AS Miran DC, RU"
42120, "MODIT, HU"
42160, "LCPDCO LCP AS dc oostkamp, BE"
42210, "HOSTVIRTUAL-AS, NL"
42244, "ESERVER, RU"
42311, "PGHOSTING-DRESDEN PGHOSTING-DRESDEN-BACKBONE, DE"
42331, "FREEHOST, UA"
42399, "HCRU-AS, RU"
42400, "MULTIHOST, NO"
42418, "ASN-HOSTNORDIC, DK"
42442, "ADACOR-AS, DE"
42465, "FORCEPOINT-ANYCAST-AS, GB"
42473, "AS-ANEXIA ANEXIA Internetdienstleistungs GmbH, AT"
42612, "DINAHOSTING-AS, ES"
42622, "DCSTO-AS, SE"
42695, "CNHAB, SE"
42699, "MANAGEDHOSTING-AS, DE"
42705, "TALIA Talia provides VSAT network and hosting services worldwide., GB"
42708, "PORTLANE www.portlane.com, SE"
42730, "EVANZOAS, DE"
42776, "HOSTELNET, RU"
42831, "UKSERVERS-AS UK Dedicated Servers, Hosting and Co-Location, GB"
43021, "CERTIT-HOSTING, SE"
43146, "AGAVA3, RU"
43198, "OUTSOURCERY-AS, GB"
43289, "TRABIA, MD"
43317, "FISHNET-AS, RU"
43350, "NFORCE, NL"
43472, "HM-UA-AS, UA"
43541, "VSHOSTING, CZ"
43620, "SYAN, GB"
43765, "VHOSTER-NET, UA"
44050, "PIN-AS, RU"
44066, "DE-FIRSTCOLO www.first-colo.net, DE"
44398, "TDCH-AS, DK"
44515, "IS-ADVANIA Hosting operations, IS"
44901, "BELCLOUD, BG"
45102, "CNNIC-ALIBABA-US-NET-AP Alibaba (US) Technology Co., Ltd., CN"
45152, "ZONENETWORKS-AS-AP Zone Networks Pty Ltd, Managed Hosting Solutions, AU"
45179, "SITEHOST-AS-AP SiteHost New Zealand, NZ"
45187, "RACKSPACE-AP Rackspace IT Hosting AS IT Hosting Provider Hong Kong, HK"
45201, "NEXON-AS-AP Nexon Asia Pacific Pty Ltd, AU"
45470, "SG-8-TO-SG 8 to Infinity Pte Ltd, SG"
45481, "DIGITALSENSE-AS-AP Digital Sense Data Centre Hosting Brisbane, AU"
45486, "HOSTCORP-AS-AP HostCorp Internet, AU"
45577, "INTERVOLVE-MELBOURNE-AS-AP Intervolve Pty Ltd, AU"
45671, "AS45671-NET-AU Wholesale Services Provider, AU"
45693, "INDIAGAMES-TRANSIT-AS-AP INDIAGAMES TRANSIT AS Content hosting serivce India, IN"
45815, "HOSTCOIN-AS-IN-AP ESDS Software Solution Pvt. Ltd., IN"
45887, "GPLHOST-AS-AP GPLHost LLC, AU"
46177, "WINTERTON-N2-SIMPLECDN - SimpleCDN Technologies, Inc., US"
46260, "MEDHOST-INC - MEDHOST, Inc., US"
46261, "QUICKPACKET - QuickPacket, LLC, US"
46430, "ASN-VICTON - VICTON, Inc., CA"
46433, "ADF01 - EBOUNDHOST.com, US"
46475, "LIMESTONENETWORKS - Limestone Networks, Inc., US"
46489, "JUSTINTV - Twitch Interactive Inc., US"
46562, "TOTAL-SERVER-SOLUTIONS - Total Server Solutions L.L.C., US"
46652, "SERVERSTACK-ASN - ServerStack, Inc., US"
46664, "VDI-NETWORK - VolumeDrive, US"
46805, "AS-46805, SE"
46816, "DSNETWORKS-001 - DirectSpace Networks, LLC., US"
46844, "ST-BGP - Sharktech, US"
46873, "HOSTCOLOR - Host Color, US"
46945, "ELITEHOSTS - Elite Hosts, Inc., US"
47143, "TDHN, GB"
47161, "KOSMOHOST, RU"
47172, "GREENHOST, NL"
47205, "TELIA-LIETUVA, LT"
47328, "TRI-AS True Records Inc., ES"
47385, "HOSTING-COMPANY-AS, RU"
47447, "TTM, DE"
47549, "HOSTINGSYSTEMS-AS, GB"
47577, "IXBT-AS, RU"
47583, "AS-HOSTINGER, LT"
47588, "TELENETRONICS-AS, RS"
47625, "UKHOST4U, GB"
48031, "XSERVER-IP-NETWORK-AS, UA"
48093, "WEBLAND-CORE-NET, SE"
48095, "XTGLOBAL, RO"
48446, "HOSTERSI-AS, PL"
48693, "NTSERVICE-AS, UA"
48757, "TRUSTINFO TrustInfo, Moscow, Russia, RU"
48812, "DCN, NL"
48825, "FAST2HOST, GB"
48894, "OPTIMUS-AS, SI"
48896, "DHOSTING-AS Warsaw, Poland, PL"
49282, "FICOLO, FI"
49313, "SEVAHOST-AS, CZ"
49349, "DOTSI, PT"
49367, "ASSEFLOW Amsterdam Internet Exchange (AMS-IX), IT"
49453, "GLOBALLAYER, NL"
49485, "HA-SDC, GB"
49505, "SELECTEL, RU"
49532, "SERVERHUB-NL, DE"
49544, "I3DNET, NL"
49693, "BEST-HOSTER, RU"
49815, "HOST2-AS, BG"
49834, "BESTHOSTING, RU"
49949, "S24, SE"
49981, "WORLDSTREAM, NL"
50297, "INFIUM, UA"
50340, "SELECTEL-MSK, RU"
50465, "IQHOST, RU"
50520, "HOSTMEIN-GRIX, GR"
50608, "VENTELOHOSTING, NO"
50613, "THORDC-AS, IS"
50655, "ITSHOSTED-AS, NL"
50673, "SERVERIUS-AS, NL"
50872, "LOCALHOST, RS"
50915, "AU_, KG"
50926, "INFORTELECOM-AS, ES"
50968, "HOSTMASTER-AS, MD"
50986, "EXCELLENT-HOSTING, SE"
51050, "H4HOSTING-AS, NL"
51109, "CAMELHOST-AS, LV"
51159, "THINKSYSTEMSUK-ASN, GB"
51167, "CONTABO, DE"
51191, "XIRRA, DE"
51241, "IRPOST-TEH Iran Post Company-Tehran DataCenter, IR"
51248, "HOST-TELECOM, CZ"
51290, "HOSTEAM-AS, PL"
51294, "HUBARA, ES"
51395, "AS-SOFTPLUS, CH"
51430, "ALTUS, NL"
51698, "ACTIVEHOST-RU-AS, RU"
51731, "GTT-AS, CZ"
51765, "CREANOVA-AS Oy Creanova Hosting Solutions Ltd., FI"
51852, "PLI-AS, CH"
52048, "DATACLUB, LV"
52173, "MAKONIX, LV"
52219, "ROUTERNETWORKS, US"
52236, "G2KHosting S.A., AR"
52270, "X-Host SRL, AR"
52321, "Fideicomiso de Administración Datacenter Capitalinas, AR"
52335, "Colombia Hosting, CO"
52347, "HOSTCLICK, de DUCA GRACIELA MIRTA, AR"
52465, "WNet Internet y Hosting, AR"
52674, "NEOGRID DATACENTER SA, BR"
52925, "Ascenty Data Centers e Telecomunicações S/A, BR"
53013, "WIX NET DO BRASIL LTDA, BR"
53055, "DIMENOC SERVICOS DE INFORMATICA LTDA, BR"
53057, "RedeHost Internet Ltda., BR"
53101, "SIANET Datacenter e Provedores Ltda-ME, BR"
53221, "ENGETRONICS INTERNET DATACENTER, BR"
53225, "IPGLOBE DATACENTER, BR"
53281, "ASN-CLEARPATH - Clearpath Hosting, US"
53332, "C2HOSTING-01 - C2Hosting, LLC, US"
53340, "FIBERHUB - VegasNAP, LLC, US"
53342, "-Reserved AS-, ZZ"
53370, "DOTCOM-HOST - dotCOM host, US"
53444, "ZSCALER-SJC - ZSCALER, INC., US"
53559, "ANONYMIZER - KST Networks, US"
53589, "PLANETHOSTER-8 - PlanetHoster, CA"
53597, "HOYOS-CONSULTING-LLC - Hoyos Consulting LLC, US"
53667, "PONYNET - FranTech Solutions, US"
53755, "IOFLOOD - Input Output Flood LLC, US"
53813, "ZSCALER-INC - ZSCALER, INC., US"
53850, "GORILLASERVERS - GorillaServers, Inc., US"
53889, "MICFO - Micfo, LLC., US"
53914, "GENESIS-HOSTING-SOLUTIONS-LLC - Genesis Hosting Solutions, LLC, US"
53918, "HHRL-ASN - Host Hotels and Resorts, L.P., US"
54104, "AS-STACKPATH - netDNA, US"
54203, "RBLHST-FL - Strong Technology, LLC., US"
54290, "HOSTWINDS - Hostwinds LLC., US"
54334, "ROYA - Roya Hosting LLC, US"
54455, "MADEIT - MadeIT inc., US"
54489, "CORESPACE-DAL - CoreSpace, Inc., US"
54500, "18779 - EGIHosting, US"
54527, "ASTUTEHOSTING - Astute Hosting Inc., CA"
54540, "INCERO-HVVC - HIVELOCITY, Inc., US"
54555, "HOSTDUPLEX - Host Duplex, LLC, US"
54641, "INMOTI-1 - InMotion Hosting, Inc., US"
54817, "-Reserved AS-, ZZ"
54825, "PACKET - Packet Host, Inc., US"
54829, "NYITX - NYITX, US"
54839, "EMPIRE - Lowest Host/Empire Technology LLC, US"
55051, "EBH02 - EBOUNDHOST.com, US"
55225, "RWISL-ASN - Roadrunner Wireless Internet Services, LLC, US"
55229, "WSHOSTING - White Sands Hosting, US"
55242, "ZSCALER-ATLANTA - ZSCALER, INC., US"
55286, "SERVER-MANIA - B2 Net Solutions Inc., CA"
55293, "A2HOSTING - A2 Hosting, Inc., US"
55492, "DFN-BD Dhaka Fiber Net Limited, BD"
55536, "PSWITCH-HK PACSWITCH IP NETWORK, HK"
55720, "GIGABIT-MY Gigabit Hosting Sdn Bhd, MY"
55761, "COLOHOST-MY Colocation Hosting Sdn Bhd, MY"
55799, "IPTELECOM-AP IPTELECOM ASIA, MY"
55803, "DIGITALPACIFIC-AU Digital Pacific Pty Ltd Australia, AU"
55933, "CLOUDIE-AS-AP Cloudie Limited, HK"
55967, "CNNIC-BAIDU-AP Beijing Baidu Netcom Science and Technology Co., Ltd., CN"
56106, "ZONENETWORKS-AU ZONENETWORKS.COM.AU - Hosting Provider AUSTRALIA, AU"
56110, "EVERDATA-DATACENTERS Everdata Technologies Pvt Ltd, IN"
56322, "SERVERASTRA-AS, HU"
56617, "-Reserved AS-, ZZ"
56630, "MELBICOM-EU-AS Melbikomas UAB, NL"
56732, "HOSTINET_AS, ES"
56784, "MULTIHOST-AS, RU"
56799, "FONEO-NETWORK, BE"
56934, "SOLOGIGABIT-AS, ES"
57043, "HOSTKEY-AS, NL"
57169, "EDIS-AS-EU, AT"
57230, "ARIAWEBCO-AS, GB"
57286, "ASGIGAS, ES"
57345, "ADMHOST, IT"
57363, "CDNVIDEO-AS, RU"
57669, "DEDIPOWER-AMS www.dedipower.com, GB"
57682, "HVDS-AS, UA"
57752, "NORMHOST-ASN, FR"
57773, "ONEA, SE"
57858, "AS57858, EE"
57879, "EXIMPROD-AS, RO"
58073, "YISP-AS, NL"
58113, "NHM-2ND-AS, IT"
58277, "RIGNET-INC-, SA"
58305, "SYN, GB"
58667, "SMARTNETHOSTING-AS-AP SmartNet Hosting and connectivity, AU"
58797, "CARPATHIAHOSTING-HK Carpathia Hosting, HK"
58922, "MHPL-AS-AP Microchannel Hosting Pty Ltd, AU"
58936, "MHAL-AS-AP Managed Hosted Applications Limited, NZ"
59135, "IDNIC-SDK-AS-ID PT Suraloka Digital Kreatif, ID"
59253, "LEASEWEB-APAC-SIN-11 Leaseweb Asia Pacific pte. ltd., SG"
59349, "GMO-Z-COM GMO-Z.COM PTE. LTD., SG"
59432, "GINERNET, ES"
59504, "Hosting vpsville.ru, RU"
59554, "DATACENTRUMGRONINGEN, NL"
59615, "SERVERUM-AS, RU"
59632, "PIDGINHOST-AS, RO"
59677, "KRASHOST-PUBLIC-AS, RU"
59705, "POBOX2-AS, GB"
59729, "ITL-, BG"
59764, "ATLANTIC-NET, GB"
59791, "LINQHOST, NL"
59795, "HOSTING4REAL, NL"
59816, "SAFEHOSTS, GB"
59854, "TLH-AS Pasaj SCARILOR Nr 2, RO"
59898, "AS-ALLSAFE Allsafe LLC, CH"
60011, "BHOST Cogent are a bunch of idiots that refuse to accept AS44684 as an upstream, maybe this will convince them?, GB"
60068, "CDN77, GB"
60117, "HS, AE"
60118, "CYBERSMARTSOLUTIONS-AS, RO"
60404, "LITESERVER, NL"
60476, "MYCOM-AS, NL"
60485, "AS-60485, EE"
60505, "TELENET-SLJUDJANKA-AS, RU"
60558, "SECUREDSERVERS-EU, US"
60567, "DATACLUB-, SE"
60626, "LEASEWEBCDN, NL"
60739, "SCH-AS, GB"
60781, "LEASEWEB-NL-AMS-01 Netherlands, NL"
60800, "NHL-AS1, GB"
61102, "INTERHOST, IL"
61107, "UCDN, CY"
61147, "CALLHOSTED-AS Callhosted BV provides  Broadband, Voice, Data, Internet, NL"
61157, "PLUSSERVER-ASN1, DE"
61280, "BY-HOSTING, NL"
61317, "ASDETUK http://www.heficed.com, GB"
61412, "VPSOPENVZ, RO"
61440, "Digital Energy Technologies Chile SpA, CL"
61493, "InterBS S.R.L. (BAEHOST), AR"
62026, "SKYPARKCDN-AS -=UPSTREAMS=-, RU"
62041, "TELEGRAM, GB"
62049, "PENTA-DXB-01, AE"
62071, "DATAHOST-AS, MD"
62082, "HOSTLAND, RU"
62088, "SINARO-ASN, NL"
62217, "VOOSERVERS, GB"
62240, "CLOUVIDER London, United Kingdom, GB"
62255, "ASMUNDA-AS, SC"
62282, "RACKRAY UAB Rakrejus, LT"
62310, "MH-DC-AS, DE"
62370, "SNEL, NL"
62471, "SUPREMEBYTES-AS - SupremeBytes, LLC, US"
62540, "DRAKE-AS - Drake Holdings LLC, US"
62563, "AS-GLOBALTELEHOST - GLOBALTELEHOST Corp., CA"
62567, "DIGITALOCEAN-ASN-NY2 - DigitalOcean, LLC, US"
62605, "UNTANGLEDTECH - Untangled Technology, LLC, US"
62638, "MARRIOTT-HDQ-01 - Marriott International, Inc., US"
62651, "RBLHST-WDC - Strong Technology, LLC., US"
62744, "QUINTEX - Quintex Alliance Consulting, US"
62756, "DOTBLOCK-2 - HostRocket.com, Inc., US"
62838, "REPRISE-HOSTING - Reprise Hosting, US"
62899, "CLARITYHS - Clarity Web Hosting Inc., CA"
62907, "ZSCALER - ZSCALER, INC., US"
63008, "CONTINA - Contina, US"
63018, "USDEDICATED - US Dedicated, US"
63119, "AS-63119, US"
63128, "RBLHST-TOR - Strong Technology, LLC., US"
63129, "DLHOST859 - DL Host, US"
63199, "CDSC-AS1 - Capitalonline Data Service Co.,LTD, US"
63213, "ASTUTEHOSTING-VALUE - Astute Hosting Inc., CA"
63473, "HOSTHATCH - HostHatch, Inc, US"
63916, "IPTELECOM-AS-AP IPTELECOM Global, HK"
63949, "LINODE-AP Linode, LLC, US"
64245, "AS-DIGITALFYRE - DigitalFyre Internet Solutions, LLC., US"
64484, "HEXANODE, FR"
132070, "INTERVOLVE-BRISBANE-AS-AP Intervolve Pty Ltd, AU"
132071, "INTERVOLVE-SYDNEY-AS-AP Intervolve Pty Ltd, AU"
132225, "HOSTEDCONTINUITY-AS-AP Hosted Continuity Pty Ltd, AU"
132425, "APC-HOSTING-SG APC Hosting Pte Ltd, SG"
132509, "DAHL-AS-AP DIGIWEB ADVANCED HOSTING LIMITED, NZ"
132717, "NDCTPL-IN NxtGen Datacenter &amp; Cloud Technologies Pvt. Ltd., IN"
132721, "PING-GLOBAL-AS Ping Global Amsterdam POP ASN, NL"
132779, "RACKBANK-AS RackBank Datacenters Private Ltd, IN"
132816, "SIMPLERCLOUD-AS-AP SimplerCloud Pte Ltd, SG"
132869, "MANETWORKSERVICE-AS-AP Mohammad Mahabub Alam t/a M.A Network Service, BD"
132892, "CLOUDFLARE Cloudflare, Inc., US"
133120, "HNPL-AS-AP Hosted Network Pty. Ltd., AU"
133143, "MHS-AS-AP Medihost Solutions Pty Ltd, AU"
133165, "DIGITALOCEAN-AS-AP Digital Ocean, Inc., SG"
133229, "HOSTPALACE-IN HostPalace Web Solution Private Limited, IN"
133296, "WEBWERKS-AS-IN Web Werks India Pvt. Ltd., IN"
133393, "NAKIHOST-AS-AP Naki Host Limited, NZ"
133480, "INTERGRID-AS-AP Intergrid Group Pty Ltd, AU"
133752, "LEASEWEB-APAC-HKG-10 Leaseweb Asia Pacific pte. ltd., HK"
134451, "NME-INDONESIA-AS-AP NewMedia Express Pte Ltd, ID"
135340, "DIGITALOCEAN-AS-IN Digital Ocean, Inc., US"
135822, "HOSRAJA-AS Ovi Hosting Pvt Ltd, IN"
136258, "ONEPROVIDER-AS BrainStorm Network, Inc, CA"
136988, "LEASEWEB-AS-AP LEASEWEB AUSTRALIA PTY LIMITED, AU"
139242, "CSL-AS-AP Cloudflare Sydney, LLC, US"
196645, "HOSTPRO-AS, UA"
196678, "HOSTEROV-AS, RU"
196745, "DATACENTA-AS, GB"
196827, "CDC-AS, DK"
197155, "ARTNET, PL"
197328, "INETLTD, TR"
197372, "NMA, NL"
197395, "ARKBHOSTING-AS, NL"
197439, "SYLON, CH"
197595, "OBE-EUROPE Obenetwork Europe, SE"
197648, "CL8ASN1, CY"
197706, "KEMINET, AL"
197902, "HOSTNET, NL"
197914, "ECRITEL-FRANCE-DEFCON Ecritel France - DEFCON, FR"
198047, "UKWEB-EQX, GB"
198153, "DCSTD-SEIDOR AS SEIDOR DATACENTER SANTANDER, ES"
198171, "HOSTING90 ===== UPSTREAM connectivity =====, CZ"
198310, "PALLADA-AS, RU"
198313, "SYSTEMHOST, GB"
198347, "GAME-HOSTING, SE"
198371, "NINET, RS"
198414, "BIZNESHOST-AS, PL"
198432, "IPCORE-AS, ES"
198605, "AVAST-AS-DC, CZ"
198651, "HOSTLINE, LT"
198749, "F-SECURE-AS-AWS-EW1, FI"
198968, "CYBERNETICOS, ES"
199064, "QWANT-AS, FR"
199081, "LANCOM Athens - Greece, GR"
199129, "NEXTPOINTHOST-AS, BG"
199213, "HOSTERSAS, DK"
199481, "K3-RIPE-AS, GB"
199653, "ARUBAFR-AS, FR"
199669, "ATLEX-AS, RU"
199733, "EXTRAHOST-AS, AT"
199847, "-Reserved AS-, ZZ"
199883, "ARUBACLOUDLTD-ASN, GB"
199990, "LOCALHOST_AS, NO"
199997, "IPPON_HOSTING-AS, FR"
200000, "UKRAINE-AS, UA"
200019, "ALEXHOST, MD"
200039, "HYDRACOM-AS, GB"
200130, "DIGITALOCEAN-ASN-1, US"
200147, "ASHTL, GB"
200532, "HOSTER-KZ Hoster.KZ - hosting and domain services in Kazakhstan, KZ"
200651, "FLOKINET, SC"
200840, "DHT, GB"
200904, "FOXCLOUD, NL"
201011, "NETZBETRIEB-GMBH, DE"
201056, "F-SECURE-AS-PROD, FI"
201200, "SUPERHOSTING_AS, BG"
201229, "DIGITALOCEAN-GERMANY, DE"
201449, "DAB-AS, PT"
201525, "HZ-CA-AS, BG"
201553, "VOLA, ES"
201597, "ANYIT-CONNECTIONS-AS Any-iT Connections, NL"
201630, "QHOSTER, BG"
201634, "INGRAMMICRO, NL"
201670, "NOVAHOSTING-AS, BG"
201702, "SKHOSTING-EU, SK"
201709, "HANDS, DE"
201862, "VMHOSTS-LONDON-AS, GB"
201983, "ANSLUTEN-AS, SE"
202018, "DIGITALOCEAN-ASN-3, NL"
202023, "LLHOST // M247, RO"
202053, "UPCLOUD, FI"
202109, "DIGITALOCEAN-ASN-2, GB"
202118, ","
202119, "DATASIFT DataSift.com, GB"
202623, "CLOUDFLARENET-LUX Cloudflare, Inc., LU"
202836, "SAMSUNG-MSK-AI, RU"
202952, ","
203380, "DAINTERNATIONALGROUP, GB"
203523, "VIRTONO-NETWORKS, RO"
203629, "TERRAHOST, NO"
204196, "ABELOHOST, NL"
205016, "HERNLABS, NL"
205025, "LEASEWEB-NL-TWIN-DC, NL"
205544, "LEASEWEB-UK-LON-11, GB"
206898, "BLADESERVERS, NL"
209242, "CLOUDFLARESPECTRUM Cloudflare, Inc., GB"
262170, "Visualhosting.net, AR"
262287, "Maxihost Hospedagem de Sites Ltda, BR"
262603, "GX INTERNET E WEB HOSTING SERV DE INFORMATICA LTDA, BR"
262978, "Centro de Tecnologia Armazem Datacenter Ltda., BR"
262990, "VIRTUAL CENTER HOSTING TECNOLOGIA EIRELI, BR"
263032, "Empire Telecom, BR"
263093, "Endurance Group Brasil Hospedagem de Sites LTDA, BR"
263237, "POWER HOST E.I.R.L., CL"
268581, ""
327705, "FUTA, NG"
327784, "FIDELITY-BANK, NG"
327813, "Web4Africa, ZA"
327942, "LANDMARK-UNIVERSITY, NG"
328035, "Zeta-Web-Nigeria-AS, NG"
393326, "-Reserved AS-, ZZ, US"
393406, "DIGITALOCEAN-ASN-NY3 - DigitalOcean, LLC, US"
394256, "CLOUDSINGULARITY - Tech Futures Interactive Inc., CA"
394279, "QUICKPACKET-2 - QuickPacket, LLC, US"
394330, "LTDBROADBAND - LTD Broadband LLC, US"
394362, "DIGITALOCEAN-ASN-CA1 - DigitalOcean, LLC, US"
394380, "LEASEWEB-USA-DAL-10 - Leaseweb USA, Inc., US"
394536, "CLOUDFLARENET-SFO - Cloudflare, Inc., US"
395087, "SURFEASY-NET - SurfEasy Inc, CA"
395089, "HEXTET - Hextet Systems, CA"
395111, "KVCNET-2009 - KVCHOSTING.COM LLC, US"
395747, "CLOUDFLARENET-SFO05 - Cloudflare, Inc., US"
395954, "LEASEWEB-USA-LAX-11 - Leaseweb USA, Inc., US"
395978, "-Reserved AS-, ZZ"
396190, "LEASEWEB-USA-SEA-10 - Leaseweb USA, Inc., US"
396319, "CLOUDVPN-AS - CLOUDVPN INC., US"
204915, "Hostinger International Ltd."
55639,  "ASIAWEB-SERVICE-HK - Asia Web Service Ltd"
19281, "QUAD9-AS-1 - Quad9"
6461, "ZAYO-6461 - Zayo Bandwidth"
54543, ""
63930, ""
30081, ""
197071, ""
3356, ""
50300, ""
19151, ""
174, ""
59895, ""
3549, ""
397031, ""
3462, ""
54561, ""
46573, ""
10474, ""
13768, ""
61323, ""
61138, ""
47869, ""
45785, ""
22822, ""
19237, ""
32875, ""
11042, ""
30361, ""
14280, ""
29141, ""
40065, ""
38478, ""
2906, ""
15085, ""
19693, ""
32748, ""
18229, ""
6453, ""
4755, ""
15149, ""
36454, ""
19194, ""
60144, ""
31147, ""
11320, ""
17139, ""
132335, ""
56876, ""
6921, ""
45031, ""
286, ""
20278, ""
13354, ""
15830, ""
17048, ""
33333, ""
21396, ""
198203, ""
36692, ""
62904, ""
37963, ""
19528, ""
12859, ""
19538, ""
8943, ""
45945, ""
44684, ""
6428, ""
17819, ""
13238, ""
393398, ""
53264, ""
9304, ""
13030, ""